"Email","First Name","Last Name","Company","City","Country","State","Zip","Followers"
"essie@vaill.com","Essie","Vaill","Litronic Industries","Anchorage","Anchorage","AK","99515","3574"
"cruz@roudabush.com","Cruz","Roudabush","Meridian Products","Phoenix","Maricopa","AZ","85004","6548"
"billie@tinnes.com","Billie","Tinnes","D & M Plywood Inc","New York","New York","NY","10001","3536"
"zackary@mockus.com","Zackary","Mockus","Metropolitan Elevator Co","Perth Amboy","Middlesex","NJ","08861","1497"
"rosemarie@fifield.com","Rosemarie","Fifield","Technology Services","Honolulu","Honolulu","HI","96819","4812"
"bernard@laboy.com","Bernard","Laboy","Century 21 Keewaydin Prop","Channahon","Will","IL","60410","6891"
"sue@haakinson.com","Sue","Haakinson","Kim Peacock Beringhause","Phoenix","Maricopa","AZ","85051","5787"
"valerie@pou.com","Valerie","Pou","Sea Port Record One Stop Inc","Trexlertown","Lehigh","PA","18087","8990"
"lashawn@hasty.com","Lashawn","Hasty","Kpff Consulting Engineers","West Covina","Los Angeles","CA","91790","2131"
"marianne@earman.com","Marianne","Earman","Albers Technologies Corp","Orlando","Orange","FL","32809","1992"
"justina@dragaj.com","Justina","Dragaj","Uchner, David D Esq","Memphis","Shelby","TN","38112","7149"
"mandy@mcdonnell.com","Mandy","Mcdonnell","Southern Vermont Surveys","Salem","Marion","OR","97302","1329"
"conrad@lanfear.com","Conrad","Lanfear","Kahler, Karen T Esq","Youngstown","Mahoning","OH","44512","2906"
"cyril@behen.com","Cyril","Behen","National Paper & Envelope Corp","Anaheim","Orange","CA","92802","7784"
"shelley@groden.com","Shelley","Groden","Norton, Robert L Esq","San Antonio","Bexar","TX","78205","2012"
"rosalind@krenzke.com","Rosalind","Krenzke","Waldein Manufacturing","Minneapolis","Hennepin","MN","55428","5547"
"davis@brevard.com","Davis","Brevard","Transit Trading Corp","Canfield","Mahoning","OH","44406","4259"
"winnie@reich.com","Winnie","Reich","Pacific Seating Co","El Paso","El Paso","TX","79925","6621"
"trudy@worlds.com","Trudy","Worlds","Shapiro, Mark R Esq","Valencia","Los Angeles","CA","91355","5782"
"deshawn@inafuku.com","Deshawn","Inafuku","Telair Div Of Teleflex Inc","Corpus Christi","Nueces","TX","78408","1195"
"claudio@loose.com","Claudio","Loose","Audiotek Electronics","Perth Amboy","Middlesex","NJ","08861","6043"
"sal@pindell.com","Sal","Pindell","Wrigley, Robert I Esq","Evansville","Vanderburgh","IN","47713","4359"
"cristina@sharper.com","Cristina","Sharper","Tax Office","New York","New York","NY","10018","4823"
"cary@mccamey.com","Betty Jane","Mccamey","Vita Foods Inc","Columbus","Franklin","OH","43215","8863"
"haley@rocheford.com","Haley","Rocheford","Davis, Robert L Esq","Englewood","Arapahoe","CO","80111","9872"
"dorothea@sweem.com","Dorothea","Sweem","Ehrmann, Rolfe F Esq","Trenton","Mercer","NJ","08648","8897"
"fannie@steese.com","Fannie","Steese","Chiapete, W Richard Esq","Tallahassee","Leon","FL","32301","7140"
"allyson@gillispie.com","Allyson","Gillispie","De Friese Theo & Sons","Trenton","Mercer","NJ","08619","1414"
"roger@seid.com","Roger","Seid","Yoshida, Gerald C Esq","Tallahassee","Leon","FL","32303","6661"
"dollie@daquino.com","Dollie","Daquino","Jd Edwards & Co","Austin","Travis","TX","78701","5262"
"eva@seahorn.com","Eva","Seahorn","Saunders Appraisal Inc","Amherst","Hillsborough","NH","03031","9192"
"mamie@mcintee.com","Mamie","Mcintee","Jacobs, Brian Realtor","Eureka","Humboldt","CA","95501","6954"
"lyndon@bellerdine.com","Lyndon","Bellerdine","A B C Lock & Key","San Francisco","San Francisco","CA","94111","146"
"lashonda@derouen.com","Lashonda","Derouen","Travel Agent Magazine","Alexandria","Alexandria City","VA","22314","3792"
"jacklyn@emayo.com","Jacklyn","Emayo","Super 8 Motel Temple","Fairfield","Essex","NJ","07004","4575"
"rubin@crotts.com","Rubin","Crotts","Misko, Charles G Esq","Palm Springs","Riverside","CA","92262","4736"
"boris@catino.com","Boris","Catino","Dream Homes Usa Inc","Norfolk","Norfolk City","VA","23510","2330"
"jannie@bowditch.com","Jannie","Bowditch","Lindsays Landing Rv Pk & Mrna","Grandview","Jackson","MO","64030","7302"
"colin@altonen.com","Colin","Altonen","Smith, Arthur D Esq","Denver","Denver","CO","80202","2587"
"kerry@evertt.com","Kerry","Evertt","Washington Crossing Inn","Altamonte Springs","Seminole","FL","32701","6663"
"kathie@argenti.com","Kathie","Argenti","Microtel Franchise & Dev Corp","Brainerd","Crow Wing","MN","56401","6260"
"henrietta@cintora.com","Henrietta","Cintora","Keyes, Judith Droz Esq","Milton","Cabell","WV","25541","9622"
"mariano@maury.com","Mariano","Maury","Donut & Sandwich Shop","Rahway","Union","NJ","07065","6254"
"lottie@voll.com","Lottie","Voll","Mason, Joseph G Esq","Eugene","Lane","OR","97401","1092"
"ofelia@sheffler.com","Ofelia","Sheffler","Rimpsey Agency","Oxnard","Ventura","CA","93030","1096"
"gaston@cieloszyk.com","Gaston","Cieloszyk","Center For Hope Hospice Inc","Homer City","Indiana","PA","15748","7409"
"karla@ken.com","Karla","Ken","Nicollet Process Engineering","Rockford","Winnebago","IL","61104","1296"
"avery@parbol.com","Avery","Parbol","Schlackman, William H","Gresham","Multnomah","OR","97030","3515"
"john@chipley.com","John","Chipley","Manpower Temporary Services","Fort Lee","Bergen","NJ","07024","7710"
"luella@pliner.com","Luella","Pliner","United Waste Systems","Pensacola","Escambia","FL","32503","5191"
"elvira@blumenthal.com","Elvira","Blumenthal","Stell Mortgage Investors","Keokuk","Lee","IA","52632","6616"
"tyree@courrege.com","Tyree","Courrege","Stitch Craft","Houston","Harris","TX","77040","5210"
"ramon@amaral.com","Ramon","Amaral","Air Academy Federal Credit Un","Lander","Fremont","WY","82520","8659"
"wilfredo@gidley.com","Wilfredo","Gidley","Mclaughlin, John F Esq","Honolulu","Honolulu","HI","96815","8860"
"gracie@ehn.com","Gracie","Ehn","P C Systems","Honolulu","Honolulu","HI","96816","2870"
"dorthy@alexy.com","Dorthy","Alexy","Frank Siviglia & Co","Aiea","Honolulu","HI","96701","1029"
"bertie@luby.com","Bertie","Luby","Puckett, Dennis L Esq","Kaneohe","Honolulu","HI","96744","2660"
"rudy@kuhle.com","Rudy","Kuhle","General Insurcorp Inc","New York","New York","NY","10028","7201"
"gale@nolau.com","Gale","Nolau","Lust, C James Esq","Ithaca","Tompkins","NY","14850","6842"
"kenya@bruni.com","Kenya","Bruni","Hurley, Thomas J Jr","Saddle Brook","Bergen","NJ","07663","9368"
"tricia@kruss.com","Tricia","Kruss","Edwards, Elwood L","Des Moines","Polk","IA","50313","9671"
"mack@jurasin.com","Mack","Jurasin","Sherman, Michael D Esq","Pulaski","Pulaski","VA","24301","4557"
"margarito@kornbau.com","Margarito","Kornbau","Acker Knitting Mills Inc","Austin","Travis","TX","78701","2072"
"lucien@iurato.com","Lucien","Iurato","Anderson Consulting","Brooklyn","Kings","NY","11218","9434"
"jarvis@galas.com","Jarvis","Galas","Younghans & Burke","Savannah","Chatham","GA","31401","2359"
"billie@cowley.com","Billie","Cowley","Spears, Robert M Esq","Warrington","Bucks","PA","18976","2416"
"jacinto@gawron.com","Jacinto","Gawron","Matt Kokkonen Insurance Agency","Lumberville","Bucks","PA","18933","310"
"randall@kluemper.com","Randall","Kluemper","Lifestyles Organization","North Conway","Carroll","NH","03860","5669"
"enrique@oroark.com","Enrique","Oroark","Callaghan, Kathleen M Esq","New York","New York","NY","10011","3911"
"alva@pennigton.com","Alva","Pennigton","Citizens Savings Bank","Jacksonville","Saint Johns","FL","32259","7564"
"socorro@balandran.com","Socorro","Balandran","Mooring","Greensburg","Westmoreland","PA","15601","7056"
"nadia@wilshire.com","Nadia","Wilshire","Midwest Undercar Distributors","La Crosse","La Crosse","WI","54601","9311"
"reginald@humes.com","Reginald","Humes","Cowley & Chidester","Wolfeboro","Carroll","NH","03894","8347"
"lynda@caraway.com","Lynda","Caraway","Lowe Art Museum","Philadelphia","Philadelphia","PA","19130","3853"
"saundra@mcaulay.com","Saundra","Mcaulay","Rcf Inc","Huron","Erie","OH","44839","1620"
"allan@schwantd.com","Allan","Schwantd","Micro Wire Products","McMinnville","Yamhill","OR","97128","6069"
"wilmer@constantineau.com","Wilmer","Constantineau","Nutra Source","Eugene","Lane","OR","97402","1648"
"savannah@kesich.com","Savannah","Kesich","Wbnd Am","Park City","Summit","UT","84060","7325"
"dwain@cuttitta.com","Dwain","Cuttitta","Kintech Stamping Inc","Washington","District of Columbia","DC","20009","8300"
"krystle@stika.com","Krystle","Stika","Signature Inn","Houston","Harris","TX","77068","2603"
"felipe@gould.com","Felipe","Gould","Black, Ronald H","Ocean Springs","Jackson","MS","39564","9237"
"steve@schorr.com","Steve","Schorr","Midwest Fire Protection Inc","Honolulu","Honolulu","HI","96819","1468"
"naomi@caetano.com","Naomi","Caetano","Bashlin Industries Inc","Cresskill","Bergen","NJ","07626","1743"
"melody@saddat.com","Melody","Saddat","Richards, Edward W Esq","Omaha","Douglas","NE","68124","2442"
"mitchel@harnar.com","Mitchel","Harnar","Copycat Quick Print","Cheyenne","Laramie","WY","82001","4662"
"sharlene@circelli.com","Sharlene","Circelli","Calibron Systems Inc","Kennewick","Benton","WA","99336","6539"
"sean@bonnet.com","Sean","Bonnet","Corporate Alternatives Inc","Lansing","Cook","IL","60438","867"
"travis@brockert.com","Travis","Brockert","Santa Cruz Title Co","Phoenix","Maricopa","AZ","85021","7421"
"candice@bruckman.com","Candice","Bruckman","Fernando Foods Inc","Humboldt","Humboldt","IA","50548","7084"
"mabel@weeden.com","Mabel","Weeden","Pepsi Cola Gen Bottlers Inc","Richardson","Dallas","TX","75081","2674"
"armando@papik.com","Armando","Papik","Cryogenic Society Of America","Little Rock","Pulaski","AR","72201","7152"
"kevin@edd.com","Kevin","Edd","Peebles, William J Esq","Johnston","Providence","RI","02919","3568"
"raphael@bickel.com","Raphael","Bickel","S Shamash & Sons Inc","Glendale","Los Angeles","CA","91203","1365"
"darren@merlin.com","Darren","Merlin","Pozzuolo & Perkiss Pc","Decatur","Macon","IL","62522","7653"
"francis@soo.com","Francis","Soo","Allen Industrial Supply","Sparta","Monroe","WI","54656","2482"
"nelly@jakuboski.com","Nelly","Jakuboski","Hammerman, Stanley M Esq","Ridgefield","Fairfield","CT","06877","5338"
"mitzi@ihenyen.com","Mitzi","Ihenyen","Helm, Norman O","New York","New York","NY","10022","9264"
"kathleen@beresnyak.com","Kathleen","Beresnyak","R & E Associates","San Mateo","San Mateo","CA","94403","2853"
"adela@cervantsz.com","Adela","Cervantsz","Arizona Awards","Clanton","Chilton","AL","35045","9876"
"randal@gansen.com","Randal","Gansen","Quik Print","Rochester","Monroe","NY","14614","4019"
"alyssa@biasotti.com","Alyssa","Biasotti","Johnson Hardware Co","Middletown","Orange","NY","10940","3684"
"janet@schaffter.com","Janet","Schaffter","Hall, Camden M Esq","Hammond","Lake","IN","46320","2431"
"armando@kolm.com","Armando","Kolm","Cooper & Cooper Cpas","Anderson","Anderson","SC","29621","4357"
"gil@scarpa.com","Gil","Scarpa","Hughes, James D Esq","Hazleton","Luzerne","PA","18201","7691"
"vanessa@lewallen.com","Vanessa","Lewallen","Fargo Glass & Paint Co","Centerburg","Knox","OH","43011","2710"
"burton@brining.com","Burton","Brining","Corcoran Machine Company","Wooster","Wayne","OH","44691","8158"
"rosalie@krigger.com","Rosalie","Krigger","Aaron, William Esq","Middletown","Orange","NY","10940","1411"
"tammie@schwartzwalde.com","Tammie","Schwartzwalde","Cox, Thomas E","Ironton","Lawrence","OH","45638","1367"
"darrin@neiss.com","Darrin","Neiss","Delaney, James J Jr","Kewanee","Henry","IL","61443","5748"
"rosalia@kennemur.com","Rosalia","Kennemur","Reagan, Thomas J Esq","Oakdale","Allen","LA","71463","5984"
"callie@leboeuf.com","Callie","Leboeuf","Town Motors","Alpena","Alpena","MI","49707","3607"
"patty@bernasconi.com","Patty","Bernasconi","Porter Wright Morris & Arthur","Honolulu","Honolulu","HI","96813","3012"
"elmo@gabouer.com","Elmo","Gabouer","Conduit & Foundation Corp","New Hope","Bucks","PA","18938","9593"
"logan@muhl.com","Logan","Muhl","Brown, Phillip C Esq","Langhorne","Bucks","PA","19047","741"
"vivian@brzostowski.com","Vivian","Brzostowski","Savage, Philip M Iii","Bristol","Bucks","PA","19007","1121"
"efren@baucher.com","Efren","Baucher","R O Binson Inc","Newtown","Bucks","PA","18940","8199"
"kurtis@mcbay.com","Kurtis","Mcbay","P C Enterprises Ltd","Levittown","Bucks","PA","19055","8315"
"guillermo@tsang.com","Guillermo","Tsang","Gillis, Donald W Esq","Levittown","Bucks","PA","19056","4007"
"milton@kuhlman.com","Milton","Kuhlman","Imag Corp","Camden","Ouachita","AR","71701","7034"
"naomi@greenly.com","Naomi","Greenly","Kpmg Peat Marwick Llp","Fort Payne","De Kalb","AL","35967","916"
"mary@maurizio.com","Mary","Maurizio","Carey Filter White & Boland","Delta","Fulton","OH","43515","6083"
"caitlin@reiniger.com","Caitlin","Reiniger","White, Lawrence R Esq","Galion","Crawford","OH","44833","641"
"coleman@cuneo.com","Coleman","Cuneo","M & M Mars","Waynesburg","Greene","PA","15370","8657"
"rachel@larrison.com","Rachel","Larrison","Ipa The Editing House","Lorain","Lorain","OH","44053","4562"
"dwayne@maddalena.com","Dwayne","Maddalena","Ebbeson, James O Esq","Pekin","Tazewell","IL","61554","7384"
"angelique@schermerhorn.com","Angelique","Schermerhorn","Safety Direct Inc","Palatka","Putnam","FL","32177","6181"
"junior@wadlinger.com","Junior","Wadlinger","Sonos Music","Warren","Trumbull","OH","44481","7690"
"darrel@tork.com","Darrel","Tork","S & T Machining","Westchester","Cook","IL","60154","9708"
"lana@garrigus.com","Lana","Garrigus","Russell Builders & Hardware","McMinnville","Yamhill","OR","97128","3048"
"jonathon@waldall.com","Jonathon","Waldall","Mission Hills Escrow","Walterboro","Colleton","SC","29488","8039"
"kristine@paker.com","Kristine","Paker","Chagrin Valley Massotherapy","Creston","Union","IA","50801","7977"
"dwain@agricola.com","Dwain","Agricola","Beatty Satchell Everngam & Co","Leitchfield","Grayson","KY","42754","8410"
"jewel@agresta.com","Jewel","Agresta","Md Assn Cert Pub Accts Inc","Hillside","Cook","IL","60162","293"
"georgette@bandyk.com","Georgette","Bandyk","Specialty Alumn Castings Inc","Petersburg","Petersburg City","VA","23805","9865"
"geri@forness.com","Geri","Forness","Quality Dynamics Group","Corydon","Harrison","IN","47112","7788"
"modesto@scroggie.com","Modesto","Scroggie","Bulloch, Bruce Cpa","Raritan","Somerset","NJ","08869","5671"
"curt@menedez.com","Curt","Menedez","J & J Machinery Repair Inc","Tampa","Hillsborough","FL","33604","1311"
"karen@zombo.com","Karen","Zombo","Healthcare Family Credit Union","Tampa","Hillsborough","FL","33609","2543"
"lora@lendor.com","Lora","Lendor","Advanced Electromagnetics Inc","Kissimmee","Osceola","FL","34741","5947"
"felipe@mahone.com","Felipe","Mahone","Apartment Mart","Honolulu","Honolulu","HI","96813","4427"
"rosalyn@daulton.com","Rosalyn","Daulton","Rodgard Corp","Bloomfield","Essex","NJ","07003","2667"
"marquita@bousman.com","Marquita","Bousman","Constantine, Katherine A Esq","Warwick","Orange","NY","10990","4315"
"carla@sirbaugh.com","Carla","Sirbaugh","Urso, Natale L Esq","Inglewood","Los Angeles","CA","90301","9701"
"wes@fontanella.com","Wes","Fontanella","Woodside Travel Trust","Gardena","Los Angeles","CA","90247","1717"
"meredith@ivrin.com","Meredith","Ivrin","Hamilton Financial Corp","Danville","Vermilion","IL","61832","7827"
"laurie@bigg.com","Laurie","Bigg","Essc Inc","Sterling Heights","Macomb","MI","48313","8684"
"barton@friesner.com","Barton","Friesner","Optical Supply","Fishkill","Dutchess","NY","12524","4889"
"sophie@langner.com","Sophie","Langner","Kapetanakis, Alexander Esq","Honolulu","Honolulu","HI","96814","1596"
"garfield@lijewski.com","Garfield","Lijewski","Denker, Aaron Esq","Chicago","Cook","IL","60645","5955"
"warren@speach.com","Warren","Speach","E Norwalk Crmc Tile & Mrbl Co","Scotch Plains","Union","NJ","07076","6741"
"madonna@cosby.com","Madonna","Cosby","Emanuel Reider Architects Inc","San Francisco","San Francisco","CA","94105","3985"
"valeria@lingbeek.com","Valeria","Lingbeek","Recreation Director","Newtown","Bucks","PA","18940","8824"
"heath@vanalphen.com","Heath","Vanalphen","California Stat Min & Mnrl Mus","Provincetown","Barnstable","MA","02657","6846"
"marisa@woldridge.com","Marisa","Woldridge","Wegner, Tim Esq","Cumberland","Allegany","MD","21502","6009"
"rene@dummermuth.com","Rene","Dummermuth","Super 8 Motel","Cedar Knolls","Morris","NJ","07927","1687"
"helga@windle.com","Helga","Windle","Loew, Andrea H Esq","Aiea","Honolulu","HI","96701","56"
"margot@arenburg.com","Margot","Arenburg","Mcivor, Carolyn Md","Orlando","Orange","FL","32803","7445"
"sheila@holloran.com","Sheila","Holloran","Warehouse On Wheels","Clyde","Sandusky","OH","43410","9682"
"melinda@carleton.com","Melinda","Carleton","Cenol Co","Shirley","Suffolk","NY","11967","7154"
"ike@zeolla.com","Ike","Zeolla","Halpin, Irene A Esq","Washington","District of Columbia","DC","20036","7418"
"elmo@dagenais.com","Elmo","Dagenais","P C Routing Inc","Chester","Chesterfield","VA","23831","7355"
"valentine@granberry.com","Valentine","Granberry","Sunnyvale Travel","Orange City","Volusia","FL","32763","7021"
"waldo@sisk.com","Waldo","Sisk","Muller Drugs Inc","Holiday","Pasco","FL","34691","2109"
"robt@braithwaite.com","Robt","Braithwaite","Meyer, Janet Md","Osceola","Clarke","IA","50213","1336"
"corinne@cowan.com","Corinne","Cowan","Ward Equipment Co","Laurel","Yellowstone","MT","59044","7049"
"rebeca@brumet.com","Rebeca","Brumet","Kingston Office Supplies Inc","Chicago","Cook","IL","60622","202"
"lynn@saulsberry.com","Lynn","Saulsberry","Printing Factory Inc","Phoenix","Maricopa","AZ","85009","5265"
"hannah@facio.com","Hannah","Facio","Cmptr Pros For Scl","Elberton","Elbert","GA","30635","4321"
"benjamin@schkade.com","Benjamin","Schkade","Port Brownsville Pub Scale Inc","Anchorage","Anchorage","AK","99501","5846"
"athena@fontanilla.com","Athena","Fontanilla","Willamette Hobbies","Philadelphia","Philadelphia","PA","19144","5342"
"alene@rabeck.com","Alene","Rabeck","Bucks country Of","South Holland","Cook","IL","60473","2815"
"yvette@kokoska.com","Yvette","Kokoska","Automation Products Inc","Brisbane","San Mateo","CA","94005","6175"
"petra@clemmens.com","Petra","Clemmens","Belton Industries Inc","Boca Raton","Palm Beach","FL","33432","5263"
"carmel@overfelt.com","Carmel","Overfelt","Woodworkers Supply Inc","Lake Worth","Palm Beach","FL","33467","5868"
"danette@fostervold.com","Danette","Fostervold","Flach, Douglas Esq","San Jose","Santa Clara","CA","95119","1315"
"vince@ettel.com","Vince","Ettel","Breen Trucking","Springfield","Sarpy","NE","68059","7780"
"davis@heideman.com","Davis","Heideman","Dennis J Wall Atty At Law Pa","Fort Worth","Tarrant","TX","76102","4778"
"bradly@hasselvander.com","Bradly","Hasselvander","Public Works Department Office","Redondo Beach","Los Angeles","CA","90278","7831"
"nathanial@phoenix.com","Nathanial","Phoenix","Precision Steel Rule Die Co","Oklahoma City","Oklahoma","OK","73114","8308"
"lamar@mckibben.com","Lamar","Mckibben","Battaglia, Jack M Esq","San Francisco","San Francisco","CA","94103","4193"
"shanna@numkena.com","Shanna","Numkena","Anderson Independent Mail","Rochester","Olmsted","MN","55901","1364"
"helena@suermann.com","Helena","Suermann","Stubenberge, James A Esq","Mountain View","Santa Clara","CA","94043","4536"
"delphine@helmich.com","Delphine","Helmich","Friends Hospital","Watsonville","Santa Cruz","CA","95076","7383"
"barbara@hindley.com","Barbara","Hindley","Kirin Amgen","Burbank","Los Angeles","CA","91502","9155"
"sheryl@sisofo.com","Sheryl","Sisofo","Thrifty Sign Stop","Holland","Lucas","OH","43528","5693"
"robyn@christophel.com","Robyn","Christophel","Woodward, John C Esq","Las Vegas","Clark","NV","89121","3971"
"gayla@geimer.com","Gayla","Geimer","Ortman Mccain Co","Pomona","Los Angeles","CA","91767","8969"
"evan@pyfrom.com","Evan","Pyfrom","Nevada Baking Co","Dallas","Dallas","TX","75240","2516"
"chad@miklas.com","Chad","Miklas","Red Carpet Inn","East Aurora","Erie","NY","14052","5357"
"trey@tout.com","Trey","Tout","Breen, Sean E Esq","Shawano","Shawano","WI","54166","205"
"isabell@armout.com","Isabell","Armout","True Electric Corp","Gaithersburg","Montgomery","MD","20879","4878"
"alejandro@mascall.com","Alejandro","Mascall","Railway Educational Bureau","Alexandria","Alexandria City","VA","22314","3512"
"kennith@kirklin.com","Kennith","Kirklin","Sears Roebuck And Co","Nashville","Davidson","TN","37212","5087"
"ike@benthin.com","Ike","Benthin","Lee, Harry Esq","San Francisco","San Francisco","CA","94103","8473"
"donald@sherretts.com","Donald","Sherretts","Nylonge Corporation","San Francisco","San Francisco","CA","94103","2332"
"lina@hybarger.com","Lina","Hybarger","L & H Central Office","Washington","District of Columbia","DC","20036","9793"
"rebekah@padley.com","Rebekah","Padley","Reed Engineering Inc","Chicago","Cook","IL","60611","3839"
"marion@gaulden.com","Marion","Gaulden","Madden, John H Jr","Charlottesville","Charlottesville City","VA","22902","5625"
"maurine@monroy.com","Maurine","Monroy","Central Distribution System","Fort Lee","Bergen","NJ","07024","5828"
"rosanna@sandrock.com","Rosanna","Sandrock","Computer X Consulting","Atlanta","Fulton","GA","30315","3044"
"marcelino@maggs.com","Marcelino","Maggs","Rascher & Betzold Inc","Orlando","Orange","FL","32801","5320"
"florine@willardson.com","Florine","Willardson","Lunt, Donald C Esq","Portland","Multnomah","OR","97220","2336"
"jude@haza.com","Jude","Haza","Howard Fabrication","Franklin","Williamson","TN","37067","7311"
"eldon@sutch.com","Eldon","Sutch","Friesen And Kane Public Accts","Philadelphia","Philadelphia","PA","19134","6895"
"lashonda@enote.com","Lashonda","Enote","Nichols Village The Inn","Woodland Hills","Los Angeles","CA","91367","6383"
"marla@folz.com","Marla","Folz","Odonoghue C Kevin","Huntsville","Madison","AL","35824","5861"
"reginald@lunan.com","Reginald","Lunan","Healey Chevy Olds Buick Geo","Santa Clara","Santa Clara","CA","95050","7075"
"kyle@lindauer.com","Kyle","Lindauer","Gem Tec Inc","Phoenix","Maricopa","AZ","85034","6277"
"son@marschke.com","Son","Marschke","Evenings Dlght Fireplaces","Scranton","Lackawanna","PA","18510","3481"
"johnie@minaai.com","Johnie","Minaai","Darling, Pamela E","Fort Lee","Bergen","NJ","07024","5903"
"kelli@varrato.com","Kelli","Varrato","Frances Meyer Inc","San Diego","San Diego","CA","92110","9891"
"neva@marsell.com","Neva","Marsell","Comfort Inn Wilshire","Olivia","Renville","MN","56277","4114"
"brice@hedglin.com","Brice","Hedglin","Cupkovic, Walter D Esq","Nashville","Davidson","TN","37204","7730"
"terrance@nimmer.com","Terrance","Nimmer","C D Short Foods Inc","Bloomfield Hills","Oakland","MI","48304","7388"
"carol@krisman.com","Carol","Krisman","Uniglobe Transeas Travel","New York","New York","NY","10028","5985"
"dollie@pillitteri.com","Dollie","Pillitteri","Jiffy Moving & Storage Company","Fort Wayne","Allen","IN","46818","2624"
"mellissa@sule.com","Mellissa","Sule","Dowse, Geoffrey Esq","Aliso Viejo","Orange","CA","92656","2709"
"antony@thierauf.com","Antony","Thierauf","Gutzwiller, Robert H Esq","Coeur d Alene","Kootenai","ID","83814","1044"
"reina@reisenauer.com","Reina","Reisenauer","Terrance Fox","Hutchins","Dallas","TX","75141","2953"
"zane@sulikowski.com","Zane","Sulikowski","Meijer Associates Credit Union","Riverside","Riverside","CA","92507","7275"
"hilario@cassa.com","Hilario","Cassa","Independence Assocaites Inc","Santa Monica","Los Angeles","CA","90404","994"
"veronica@radman.com","Veronica","Radman","Martin, Anthony D Esq","Charlottesville","Charlottesville City","VA","22902","7568"
"teri@erlewine.com","Teri","Erlewine","League Of Kans Municipalities","Saint Petersburg","Pinellas","FL","33711","6077"
"alissa@mountjoy.com","Alissa","Mountjoy","Technical & Mgmt Svc Corp","Rohnert Park","Sonoma","CA","94928","4886"
"helene@iberg.com","Helene","Iberg","Spec Check Inc","Bedford","Cuyahoga","OH","44146","716"
"lona@scronce.com","Lona","Scronce","L & L Builders","Matamoras","Pike","PA","18336","4687"
"jeremy@lampi.com","Jeremy","Lampi","E Henderson Inc","Milford","Pike","PA","18337","4714"
"mitch@schattner.com","Mitch","Schattner","Cosgrove Eisenberg & Kiley Pc","San Francisco","San Francisco","CA","94118","4388"
"hans@carlan.com","Hans","Carlan","Midlen & Guillot Chartered","Anchorage","Anchorage","AK","99501","985"
"concetta@sarchett.com","Concetta","Sarchett","Barco/chromatics Inc","Kansas City","Jackson","MO","64108","3086"
"isaac@zackery.com","Isaac","Zackery","Holiday Inn Of Issaquah","Denville","Morris","NJ","07834","501"
"doug@matrisciano.com","Doug","Matrisciano","Cefpi","Bellevue","King","WA","98005","9054"
"devon@samrah.com","Devon","Samrah","Software Pursuits Inc","Orlando","Orange","FL","32824","6795"
"amos@linnan.com","Amos","Linnan","Quincy, Jim","Chicago","Cook","IL","60623","6297"
"manuel@dienhart.com","Manuel","Dienhart","Bohning Co Ltd","Cincinnati","Hamilton","OH","45210","6771"
"audra@cantu.com","Audra","Cantu","Chesapeake Telephone Systems","Plainfield","Union","NJ","07063","3088"
"keisha@ransonet.com","Keisha","Ransonet","Hsk Decker","North Pole","Fairbanks North Star","AK","99705","5340"
"rolando@baumann.com","Rolando","Baumann","Erie Brush Co","Portland","Multnomah","OR","97205","9754"
"maryanne@whyman.com","Maryanne","Whyman","Walls, Robert E Esq","Los Angeles","Los Angeles","CA","90015","844"
"kurtis@asberry.com","Kurtis","Asberry","Budgetel Inns","El Paso","El Paso","TX","79937","8502"
"ed@gompf.com","Ed","Gompf","Corro Therm Inc","Catawissa","Columbia","PA","17820","8705"
"norman@betance.com","Norman","Betance","Precision Electric Co Inc","Scottsdale","Maricopa","AZ","85260","4602"
"berta@karczewski.com","Berta","Karczewski","Sather Eng Inc","Gilbert","Maricopa","AZ","85233","1093"
"mac@marksberry.com","Mac","Marksberry","Pursell, David B Esq","Doniphan","Hall","NE","68832","6081"
"sandra@graen.com","Sandra","Graen","Action Remediation Co","Hutchinson","McLeod","MN","55350","4844"
"lee@javens.com","Lee","Javens","Dyer, James R Esq","Burlington","Racine","WI","53105","2954"
"fran@zanders.com","Fran","Zanders","River City Body Co","Idaho Falls","Bonneville","ID","83402","9590"
"lane@brantz.com","Lane","Brantz","Kings Inn","Hutchinson","McLeod","MN","55350","361"
"bess@marso.com","Bess","Marso","Lesher Printers Inc","Huntington Beach","Orange","CA","92649","9552"
"tamara@declue.com","Tamara","Declue","Glen Burnie The Bank Of","Houston","Harris","TX","77027","3229"
"denise@speegle.com","Denise","Speegle","Shipley Oil Company","Wheeling","Cook","IL","60090","1139"
"lynda@youtsey.com","Lynda","Youtsey","Accurate Color Inc","Eugene","Lane","OR","97402","378"
"diann@burigsay.com","Diann","Burigsay","Snyder, Stephen E Esq","Gardena","Los Angeles","CA","90249","6193"
"mari@hwang.com","Mari","Hwang","Play Craft Pontoon Co","Lake Forest","Orange","CA","92630","6719"
"shanna@neundorfer.com","Shanna","Neundorfer","Door Systems","Philadelphia","Philadelphia","PA","19134","9759"
"sherwood@detillier.com","Sherwood","Detillier","Minteq International","Woodland Hills","Los Angeles","CA","91365","6816"
"walton@schwallie.com","Walton","Schwallie","Nielsen, Laura W Md","Upton","Worcester","MA","01568","4498"
"judy@gartenmayer.com","Judy","Gartenmayer","Pro Infusion Pharm Inc","Melbourne","Brevard","FL","32904","5730"
"antione@mccleary.com","Antione","Mccleary","Cerberus Pyrotronics","Fargo","Cass","ND","58102","5273"
"kay@ganguli.com","Kay","Ganguli","Hanson, Bruce Esq","Las Vegas","Clark","NV","89103","6368"
"oma@duffy.com","Oma","Duffy","Laun Law Offices","Franklin","Warren","OH","45005","9375"
"devon@teston.com","Devon","Teston","Bilton, Dean H Esq","Houston","Harris","TX","77027","3426"
"jade@erlebach.com","Jade","Erlebach","Vickery Tape & Label Co Inc","Camarillo","Ventura","CA","93012","4178"
"roseann@jerko.com","Roseann","Jerko","Larry Farmer Appraisal Co Inc","Moorestown","Burlington","NJ","08057","5397"
"ruthie@zortman.com","Ruthie","Zortman","Review Monterey Peninsula","Fremont","Alameda","CA","94538","6079"
"leif@arguin.com","Leif","Arguin","Cmplt Cmptg Solutions Ne","Fremont","Alameda","CA","94538","6571"
"millicent@ekstrom.com","Millicent","Ekstrom","Personal Creations Inc","Lawrenceburg","Dearborn","IN","47025","5739"
"val@oborne.com","Val","Oborne","Stone Container Corporation","Sun Valley","Los Angeles","CA","91352","6746"
"bridgett@retort.com","Bridgett","Retort","Womens Resource & Refrl Ntwrk","Houston","Harris","TX","77041","3060"
"tia@lino.com","Tia","Lino","Superior Gundrilling","Brownsville","Linn","OR","97327","8942"
"jarrett@kenzie.com","Jarrett","Kenzie","Young Men Christian Assn Cnty","Chesterfield","Chesterfield","VA","23838","9459"
"mara@vanderzwaag.com","Mara","Vanderzwaag","Brown & Brown Law Office","Beaumont","Jefferson","TX","77703","2331"
"tiffany@knust.com","Tiffany","Knust","Vantage Products","San Jose","Santa Clara","CA","95112","2896"
"fabian@mcshaw.com","Fabian","Mcshaw","Bodik, Michael G Esq","Los Angeles","Los Angeles","CA","90040","4892"
"annabelle@coger.com","Annabelle","Coger","Center For Resource Management","Shreveport","Caddo","LA","71105","2623"
"marisa@smiler.com","Marisa","Smiler","Star Systems Inc","Melville","Suffolk","NY","11747","4693"
"samantha@bordwell.com","Samantha","Bordwell","Interwest Freight System Inc","Homestead","Miami-Dade","FL","33032","6109"
"felecia@riedl.com","Felecia","Riedl","Benson, John S","Salt Lake City","Salt Lake","UT","84115","7849"
"kris@persson.com","Kris","Persson","Tweel, Ronald R Esq","Madras","Jefferson","OR","97741","232"
"kylie@bridgeman.com","Kylie","Bridgeman","Thomas & Libowitz Pa","Sewickley","Allegheny","PA","15143","9868"
"eduardo@bellendir.com","Eduardo","Bellendir","Powers & Assocs","Wilkes Barre","Luzerne","PA","18702","597"
"waldo@edberg.com","Waldo","Edberg","Bush Building Corporation","Tupelo","Lee","MS","38801","6609"
"brent@vaidya.com","Brent","Vaidya","Crain Industries","Stamford","Fairfield","CT","06906","3729"
"bette@barcelona.com","Bette","Barcelona","Fischer, William R Esq","Fairbanks","Fairbanks North Star","AK","99701","5857"
"rich@gleave.com","Rich","Gleave","Finkelstein, Bernard A Cpa","Anchorage","Anchorage","AK","99501","488"
"lyman@whittley.com","Lyman","Whittley","Berry, Robert A Esq","Sausalito","Marin","CA","94965","7950"
"maryann@garnette.com","Maryann","Garnette","Catholic University Of","Lancaster","Lancaster","PA","17601","5412"
"jimmie@zarzycki.com","Jimmie","Zarzycki","John C Auth","Colorado Springs","El Paso","CO","80903","4291"
"gisela@kosicki.com","Gisela","Kosicki","Lisher, John L Esq","Woodland Hills","Los Angeles","CA","91364","377"
"marlene@hammeren.com","Marlene","Hammeren","Chamot, Philip S Esq","Huntsville","Madison","AL","35801","428"
"kris@stanzak.com","Kris","Stanzak","Cenref Labs","Dubuque","Dubuque","IA","52003","368"
"roman@simone.com","Roman","Simone","Spottswood, William B Esq","Batavia","Clermont","OH","45103","3460"
"cathryn@nicolaus.com","Cathryn","Nicolaus","Perkins Photo/graphics Inc","Chico","Butte","CA","95973","9494"
"lana@keels.com","Lana","Keels","Veron, J Michael Esq","Freehold","Monmouth","NJ","07728","2796"
"malissa@ziesemer.com","Malissa","Ziesemer","Electron Rentals Inc","Palm Beach","Palm Beach","FL","33480","7525"
"pamala@brodtmann.com","Pamala","Brodtmann","Gagen, William E Jr","Honolulu","Honolulu","HI","96815","134"
"heriberto@tivis.com","Heriberto","Tivis","Newood","Cary","Wake","NC","27511","2418"
"edgardo@prudente.com","Edgardo","Prudente","R A Hamilton Corp","Grand Prairie","Dallas","TX","75050","3269"
"fred@kunde.com","Fred","Kunde","Swanson, Victoria C Esq","Westlake Village","Ventura","CA","91361","7741"
"pilar@suddeth.com","Pilar","Suddeth","Slant Fin Corp","Newport Beach","Orange","CA","92660","4094"
"eliseo@wice.com","Eliseo","Wice","A Limousine Service","Austin","Travis","TX","78705","7508"
"bridget@knightly.com","Bridget","Knightly","Teamsters Union Local 20","Asheville","Buncombe","NC","28801","1212"
"tori@villaescusa.com","Tori","Villaescusa","Church Point Whol Gr Co Inc","Los Angeles","Los Angeles","CA","90015","9093"
"claire@moyerman.com","Claire","Moyerman","Grt Nthrn Shoe Rpr & Dry Clnrs","Aurora","Arapahoe","CO","80014","5959"
"judi@kivel.com","Judi","Kivel","Postal Place At 111th Square","Wichita","Sedgwick","KS","67202","6139"
"terrell@rodda.com","Terrell","Rodda","Woodland Village Nursing Home","Somerset","Somerset","NJ","08873","3803"
"jasmin@gum.com","Jasmin","Gum","White, Samuel I Esq","Hudson","Middlesex","MA","01749","9074"
"bridget@bottella.com","Bridget","Bottella","Mid State Construction Prod","San Antonio","Bexar","TX","78205","5951"
"tami@trybus.com","Tami","Trybus","Seawright, Rodney","Cincinnati","Hamilton","OH","45227","370"
"maynard@kaewprasert.com","Maynard","Kaewprasert","Decatur Studio Inc","Los Angeles","Los Angeles","CA","90015","711"
"viola@mcsorley.com","Viola","Mcsorley","First Bank Of Brunswick","Summit Argo","Cook","IL","60501","7687"
"reggie@streu.com","Reggie","Streu","Als Motors Inc","Caldwell","Essex","NJ","07006","971"
"rena@griffeth.com","Rena","Griffeth","Reliable Optical","Northridge","Los Angeles","CA","91324","6336"
"pierre@salera.com","Pierre","Salera","Ridley Ridley & Burnette","Monrovia","Los Angeles","CA","91016","6542"
"carolina@kinlaw.com","Carolina","Kinlaw","Loftus, Daniel B Esq","Belle Mead","Somerset","NJ","08502","8944"
"alejandra@prenatt.com","Alejandra","Prenatt","Mitchell De Burring Co","Summit Argo","Cook","IL","60501","4118"
"quintin@isacson.com","Quintin","Isacson","Spectrum Constrctn & Dev Corp","Los Angeles","Los Angeles","CA","90038","94"
"robin@grotz.com","Robin","Grotz","Hackett, Peter J","Texarkana","Bowie","TX","75503","2532"
"lacy@woodfin.com","Lacy","Woodfin","Enviro Dynamics","Scranton","Lackawanna","PA","18503","4644"
"daniel@zill.com","Daniel","Zill","Safety Team Inc","Glendale","Los Angeles","CA","91203","2051"
"reina@wolchesky.com","Reina","Wolchesky","Highland Management Group","Brainerd","Crow Wing","MN","56401","9240"
"marc@wanger.com","Marc","Wanger","Welsh Company","Boston","Suffolk","MA","02111","2846"
"damion@matkin.com","Damion","Matkin","Data Ware Development Inc","Denver","Denver","CO","80216","5752"
"lucius@winchester.com","Lucius","Winchester","Barrett Paving Materials Inc","Streamwood","Cook","IL","60107","8815"
"petra@mcnichol.com","Petra","Mcnichol","Hyacinth Foundation Aids Proj","Streamwood","Cook","IL","60107","9459"
"katina@ramano.com","Katina","Ramano","Fuhrmann, Chris C Esq","Brooklyn","Kings","NY","11208","924"
"leslie@cackowski.com","Leslie","Cackowski","Re, Matthew R Esq","Farmington","San Juan","NM","87401","3028"
"cristopher@wiget.com","Cristopher","Wiget","Roche, Patrick Esq","Kirtland","San Juan","NM","87417","2445"
"garth@skiffington.com","Garth","Skiffington","Fox & Killbride","Paterson","Passaic","NJ","07501","1725"
"brendan@qin.com","Brendan","Qin","Allegro Copy & Print","Eastman","Dodge","GA","31023","8035"
"chase@furler.com","Chase","Furler","Hostetler & Kowalik","Topeka","Shawnee","KS","66607","2977"
"marietta@bjornberg.com","Marietta","Bjornberg","Consolidated Mechanical Inc","Missoula","Missoula","MT","59801","54"
"carmella@wishman.com","Carmella","Wishman","Meicher Cpa","Missoula","Missoula","MT","59801","624"
"erica@eyrich.com","Erica","Eyrich","C & I Computer Services Inc","Missoula","Missoula","MT","59801","8217"
"lucius@bagnoli.com","Lucius","Bagnoli","American Music Teacher","Evansville","Vanderburgh","IN","47711","8666"
"bart@hachey.com","Bart","Hachey","Pip Printing","Canfield","Mahoning","OH","44406","8457"
"isiah@phernetton.com","Isiah","Phernetton","Wyckoff Florist & Gifts","Riverhead","Suffolk","NY","11901","6662"
"morton@crummell.com","Morton","Crummell","Boykin Management Co","Boulder","Boulder","CO","80301","8143"
"prince@kauk.com","Prince","Kauk","Mckesson Drug Co","Phoenix","Maricopa","AZ","85027","177"
"marta@horner.com","Marta","Horner","Scisci, Pasquale M","San Diego","San Diego","CA","92120","5749"
"teodoro@gaboury.com","Teodoro","Gaboury","Bostek, Eva M Dvm","Youngstown","Mahoning","OH","44512","3663"
"jess@assad.com","Jess","Assad","Livingston City","Omaha","Douglas","NE","68127","6985"
"freeman@soula.com","Freeman","Soula","Henson, Claudia","Mena","Polk","AR","71953","7262"
"rita@center.com","Rita","Center","R D Playman Co","Lafayette","Lafayette","LA","70506","4484"
"kira@papen.com","Kira","Papen","Tile City & Carpet Of Pa","La Mesa","San Diego","CA","91941","5711"
"miquel@demicco.com","Miquel","Demicco","Welk Resort Center","Littleton","Jefferson","CO","80123","6863"
"william@mahmud.com","William","Mahmud","Campbell Inn","Manhasset","Nassau","NY","11030","3591"
"lacy@belmont.com","Lacy","Belmont","House Boat Rentals Inc","Bedford Hills","Westchester","NY","10507","1399"
"van@leanen.com","Van","Leanen","Mail Boxes Etc","Lake Ozark","Camden","MO","65049","1949"
"mayme@staub.com","Mayme","Staub","River House Hotel","Bedminster","Somerset","NJ","07921","2216"
"gregg@guevarra.com","Gregg","Guevarra","Arbor Center","Wilmington","New Hanover","NC","28403","2704"
"minh@leclare.com","Minh","Leclare","Osach, Ronald C Esq","Forest City","Winnebago","IA","50436","7681"
"joey@sedore.com","Joey","Sedore","Goodwill Speciality Co","Palmdale","Los Angeles","CA","93550","273"
"jeanie@dalen.com","Jeanie","Dalen","Ivs Media Inc","Bristol","Bucks","PA","19007","290"
"eddie@gauer.com","Eddie","Gauer","Easy Mail","Ames","Story","IA","50010","2350"
"jessie@barkle.com","Jessie","Barkle","Days Inn Airport By Mall Amer","Abilene","Taylor","TX","79602","5427"
"deandre@resendiz.com","Deandre","Resendiz","Sav Mart","Twin Falls","Twin Falls","ID","83301","1120"
"janet@rathrock.com","Janet","Rathrock","Ryder, Edward A Esq","Loves Park","Winnebago","IL","61111","2725"
"denice@nordlinger.com","Denice","Nordlinger","Bickel, Daniel R Cpa","El Paso","El Paso","TX","79915","2003"
"danny@dales.com","Danny","Dales","Barrett Bindery Co","Phoenix","Maricopa","AZ","85034","2843"
"robbie@deshay.com","Robbie","Deshay","Cornhusker Press","West Sacramento","Yolo","CA","95691","3460"
"carla@humble.com","Carla","Humble","Express Printing Center","Sun Valley","Los Angeles","CA","91352","4639"
"ashley@leonesio.com","Ashley","Leonesio","Martinique Resort Hotel","New York","New York","NY","10038","4801"
"josephine@sotlar.com","Josephine","Sotlar","Shipp Storage","Washington","District of Columbia","DC","20001","515"
"derek@kreutzbender.com","Derek","Kreutzbender","Recycle Metals Corp","Milwaukee","Milwaukee","WI","53202","2430"
"kira@staffon.com","Kira","Staffon","International Management Assoc","Honolulu","Honolulu","HI","96826","5769"
"isaac@davensizer.com","Isaac","Davensizer","Dillon Measurement Instruments","Honolulu","Honolulu","HI","96815","3453"
"reva@bayer.com","Reva","Bayer","Hirt, Stanley Esq","Seattle","King","WA","98103","7415"
"melvin@auteri.com","Melvin","Auteri","Interstate Unltd Fed Crdt Un","Boston","Suffolk","MA","02115","2705"
"stephen@seiters.com","Stephen","Seiters","Us Mortgage Corp","Fort Worth","Tarrant","TX","76131","9568"
"lucas@santellana.com","Lucas","Santellana","Constantino, James P Esq","Phoenix","Maricopa","AZ","85008","8420"
"traci@toomey.com","Traci","Toomey","Pea Press","Jackson","Teton","WY","83001","7718"
"vernice@resendes.com","Vernice","Resendes","Sorrento Cheese Co Inc","Sun Valley","Los Angeles","CA","91352","912"
"hillary@holmes.com","Hillary","Holmes","Dennis N Brager Law Offices Of","Placerville","El Dorado","CA","95667","7918"
"robin@schartz.com","Robin","Schartz","Fairmount Country Club","Grass Valley","Nevada","CA","95945","2169"
"sabrina@deppert.com","Sabrina","Deppert","Americold","Phoenix","Maricopa","AZ","85016","5488"
"luciano@truiolo.com","Luciano","Truiolo","Currier Gallery Of Art","Pasadena","Los Angeles","CA","91105","9047"
"ezekiel@mildon.com","Ezekiel","Mildon","Ace Pro Pest Cntrl Inc","Cambridge","Middlesex","MA","02142","399"
"hanna@cinkan.com","Hanna","Cinkan","Northbrook Flowers","Miami","Miami-Dade","FL","33126","4636"
"kory@wooldridge.com","Kory","Wooldridge","Paper Stock Dealers Inc","Chicago","Cook","IL","60615","4528"
"darrel@ruffins.com","Darrel","Ruffins","Brickman, Arthur Cpa","Saint Petersburg","Pinellas","FL","33704","6468"
"miranda@hammitt.com","Miranda","Hammitt","Steindel, Carl R Md","Brownsville","Cameron","TX","78520","8847"
"sadie@rowlett.com","Sadie","Rowlett","Port City Taxi Inc","Bronx","Bronx","NY","10458","9836"
"deanna@gerbi.com","Deanna","Gerbi","Centerville Historical Society","Jersey City","Hudson","NJ","07306","9112"
"alfonso@griglen.com","Alfonso","Griglen","Paul D Friedman","Ada","Hardin","OH","45810","7361"
"vernon@engelman.com","Vernon","Engelman","Atlas Metal Cutting Inc","Ripon","Fond du Lac","WI","54971","656"
"johnnie@rheaves.com","Johnnie","Rheaves","Roberts, James A Cpa","Anaheim","Orange","CA","92806","2812"
"ella@pahnke.com","Ella","Pahnke","Davis, Randle S Esq","Kerrville","Kerr","TX","78028","4762"
"veronica@achorn.com","Veronica","Achorn","Guy Spradling","El Paso","El Paso","TX","79903","9145"
"kasey@nguyen.com","Kasey","Nguyen","Pettine, Paul A Iii","Boulder","Boulder","CO","80303","2867"
"frankie@morein.com","Frankie","Morein","Oliver, Jerrold B Esq","Stamford","Fairfield","CT","06902","5663"
"elaine@renzi.com","Elaine","Renzi","Delvel Chem Co","New York","New York","NY","10022","9525"
"timothy@janski.com","Timothy","Janski","Snyder Chevrolet Olds Geo Co","Anchorage","Anchorage","AK","99515","1000"
"warren@hacher.com","Warren","Hacher","Josel, Stephen C Esq","Abilene","Taylor","TX","79605","6287"
"brant@darnel.com","Brant","Darnel","Cody, Daniel S Esq","Mentor","Lake","OH","44060","5217"
"mara@rineheart.com","Mara","Rineheart","Berry Naturipe Growers","Northampton","Northampton","PA","18067","9213"
"karen@flierl.com","Karen","Flierl","Cook Vetter Doerhoff","Austin","Travis","TX","78702","754"
"virgil@chinni.com","Virgil","Chinni","Dorfman Abrams Music & Co","Honolulu","Honolulu","HI","96819","6740"
"jimmie@kertzman.com","Jimmie","Kertzman","Oregon Pacific Trading Co","Honolulu","Honolulu","HI","96819","4795"
"leif@bachta.com","Leif","Bachta","Hislop, Lorna Brumfield Esq","Kapolei","Honolulu","HI","96707","6016"
"ione@kucera.com","Ione","Kucera","Tweedy Penney & Crawford","Waipahu","Honolulu","HI","96797","17"
"doreen@sakurai.com","Doreen","Sakurai","Airlifter","New York","New York","NY","10022","8051"
"joel@nardo.com","Joel","Nardo","New Era Canning Co","Boca Raton","Palm Beach","FL","33486","9041"
"neil@backus.com","Neil","Backus","Smith Capital Management","New York","New York","NY","10175","9529"
"fausto@marks.com","Fausto","Marks","Donohue, Brian C Esq","Boston","Suffolk","MA","02116","9763"
"christa@bodenschatz.com","Christa","Bodenschatz","Stationers Inc","Danville","Vermilion","IL","61832","1744"
"chi@greenlaw.com","Chi","Greenlaw","E & T Screw Machine Products","Scottsdale","Maricopa","AZ","85251","2707"
"kyle@ferri.com","Kyle","Ferri","Ames Plumbing & Heating","Anchorage","Anchorage","AK","99501","7533"
"freida@michelfelder.com","Freida","Michelfelder","Fun Discovery Inc","Atlanta","Fulton","GA","30303","4298"
"bryant@bouliouris.com","Bryant","Bouliouris","Medlin, Charles K Jr","Jackson","Teton","WY","83001","9520"
"emilia@oxley.com","Emilia","Oxley","Buckeye Reserve Title","Dallas","Dallas","TX","75240","6873"
"naomi@mcraven.com","Naomi","Mcraven","Oak Brook Capital Corp","Bellevue","King","WA","98005","7029"
"dionne@borycz.com","Dionne","Borycz","Pepsi Cola Dr Pepper Bottling","Rockville","Montgomery","MD","20850","6973"
"jimmy@hrobsky.com","Jimmy","Hrobsky","Howard Johnson","San Diego","San Diego","CA","92111","544"
"peggy@hohlstein.com","Peggy","Hohlstein","Steritek Inc","Westfield","Hampden","MA","01085","8885"
"genevieve@kekiwi.com","Genevieve","Kekiwi","Lawson, John F Esq","Newburgh","Warrick","IN","47630","8134"
"terra@plagge.com","Terra","Plagge","Beach, Jeffrey E","Evansville","Vanderburgh","IN","47715","4323"
"allie@pumphrey.com","Allie","Pumphrey","Asher, Ronald L Md","Evansville","Vanderburgh","IN","47711","3985"
"katina@survant.com","Katina","Survant","Kgtv Channel 10","Mountain Home","Elmore","ID","83647","3440"
"marta@warran.com","Marta","Warran","Wirth, John T Esq","Kennewick","Benton","WA","99336","9891"
"rebekah@lindboe.com","Rebekah","Lindboe","Granite Corporation","Irving","Dallas","TX","75039","180"
"roxie@varenhorst.com","Roxie","Varenhorst","Good Neighbor Real Estate","Columbus","Franklin","OH","43215","1352"
"kennith@peto.com","Kennith","Peto","Kirschbaum, Thomas A Esq","Atlanta","Dekalb","GA","30341","8164"
"darrell@amrich.com","Darrell","Amrich","Harris, James P Iii","Apex","Wake","NC","27502","9098"
"savannah@loffier.com","Savannah","Loffier","Saint Charles Catv","Bartlesville","Washington","OK","74003","7227"
"martin@carley.com","Martin","Carley","Heil, John P Esq","Sylva","Jackson","NC","28779","7412"
"lacy@hyten.com","Lacy","Hyten","Buy & Sell Press","Princeton","Mercer","NJ","08542","2184"
"forest@orea.com","Forest","Orea","Clark, Francis J","Chicago","Cook","IL","60636","8308"
"courtney@shishido.com","Courtney","Shishido","Beymers Jewelry","Anchorage","Anchorage","AK","99501","6286"
"annette@frietas.com","Annette","Frietas","Monsanto Chemical Company","New York","New York","NY","10036","9185"
"karyn@jinks.com","Karyn","Jinks","Maslen, David Esq","Mesquite","Dallas","TX","75150","3549"
"edwin@lavelli.com","Edwin","Lavelli","Letterguide Co","East Liverpool","Columbiana","OH","43920","1645"
"jimmie@barninger.com","Jimmie","Barninger","California Paint & Wlpaper Str","Modesto","Stanislaus","CA","95352","3947"
"merle@wyrosdick.com","Merle","Wyrosdick","Keil, James J Esq","Neptune","Monmouth","NJ","07753","5762"
"amelia@caputo.com","Amelia","Caputo","Security Marketing Agency","Fairbanks","Fairbanks North Star","AK","99701","9583"
"germaine@bruski.com","Germaine","Bruski","Alloy Founders","Fairbanks","Fairbanks North Star","AK","99701","5075"
"willa@dutt.com","Willa","Dutt","Gutmann Leather Co Inc","Fairbanks","Fairbanks North Star","AK","99709","2775"
"cherie@fuhri.com","Cherie","Fuhri","Continental Baking Co","Fairbanks","Fairbanks North Star","AK","99709","5839"
"tyron@quillman.com","Tyron","Quillman","Analysts International Corp","Alexandria","Fairfax","VA","22312","9439"
"charity@dyckman.com","Charity","Dyckman","Marriott, Frank Jr","Anchorage","Anchorage","AK","99518","2058"
"nanette@turansky.com","Nanette","Turansky","Sheraton Society Hill Hotel","Easton","Northampton","PA","18042","5905"
"cherie@schronce.com","Cherie","Schronce","Varda, John Duncan Esq","Chatsworth","Los Angeles","CA","91311","9409"
"theron@hambright.com","Theron","Hambright","Sensor Oil And Gas Inc","Holland","Ottawa","MI","49423","6532"
"laurie@bibbs.com","Laurie","Bibbs","Action Nursing Care Llc","Albuquerque","Bernalillo","NM","87107","5422"
"angelo@ferentz.com","Angelo","Ferentz","Reagan, William L Esq","Los Angeles","Los Angeles","CA","90023","6580"
"denver@topete.com","Denver","Topete","Insight Cablevision","San Diego","San Diego","CA","92121","6542"
"tommie@reuland.com","Tommie","Reuland","Schaff, Michael D Esq","San Fernando","Los Angeles","CA","91340","7735"
"delmer@delucas.com","Delmer","Delucas","American Processing Co Inc","Buffalo","Erie","NY","14225","8605"
"latisha@bahls.com","Latisha","Bahls","Search South Inc","Cincinnati","Hamilton","OH","45202","8504"
"simone@lundie.com","Simone","Lundie","Casebolt, Victor S Esq","Philadelphia","Philadelphia","PA","19146","2165"
"ross@spurger.com","Ross","Spurger","Hoover Group Inc","Carbondale","Jackson","IL","62901","361"
"abel@tuter.com","Abel","Tuter","Wernsing Plumbing & Heating","Reading","Berks","PA","19606","6215"
"beverley@bunche.com","Beverley","Bunche","Nurses Organization Vets Affrs","Miami","Miami-Dade","FL","33126","8121"
"lizzie@torregrossa.com","Lizzie","Torregrossa","Salerno & Son","North Dartmouth","Bristol","MA","02747","1134"
"tia@neumaier.com","Tia","Neumaier","Carterville Mini Storage","Maitland","Orange","FL","32751","3010"
"lesa@chantry.com","Lesa","Chantry","Lutz Cichy Selig & Zeronda","Philadelphia","Philadelphia","PA","19123","5201"
"marcelo@arostegui.com","Marcelo","Arostegui","Moraschs Quality Meats","Branson","Taney","MO","65616","1195"
"jimmie@hardgrove.com","Jimmie","Hardgrove","Prosthodontic Associates","New York","New York","NY","10017","1002"
"renae@eldrige.com","Renae","Eldrige","Pexco Packaging Corp","Attica","Wyoming","NY","14011","4105"
"tisha@gorder.com","Tisha","Gorder","Paroly Rampart Sec Systems","Chicago","Cook","IL","60610","3305"
"clarice@knower.com","Clarice","Knower","Yaffa, Andrew B Esq","Chicago","Cook","IL","60620","5497"
"sybil@marmerchant.com","Sybil","Marmerchant","Blvd Distillers & Importers","York","York","PA","17404","4656"
"floyd@veazey.com","Floyd","Veazey","Ramada Inn San Fran Arprt N","Huntington Park","Los Angeles","CA","90255","4208"
"reyna@bangle.com","Reyna","Bangle","C & R Contractors Inc","New Hyde Park","Nassau","NY","11040","9261"
"owen@sparacino.com","Owen","Sparacino","Murtha, Thomas D Esq","Memphis","Shelby","TN","38111","154"
"eli@bettner.com","Eli","Bettner","Shea, David J Esq","Brewster","Okanogan","WA","98812","9176"
"taylor@fogerty.com","Taylor","Fogerty","Khoury Factory Outlet","Denver","Adams","CO","80234","2464"
"reva@lecates.com","Reva","Lecates","First American Rlty Assoc Inc","Fernandina Beach","Nassau","FL","32034","8963"
"rodrigo@wildrick.com","Rodrigo","Wildrick","Midwest Wrecking Company Inc","Saint Petersburg","Pinellas","FL","33713","1406"
"george@tukis.com","George","Tukis","Andow Personnel Services","Americus","Sumter","GA","31709","5243"
"titus@rodreguez.com","Titus","Rodreguez","Vasquez & Co","San Diego","San Diego","CA","92111","9258"
"emilio@lampkin.com","Emilio","Lampkin","Hendricks, Kenneth J Cpa","Williamstown","Gloucester","NJ","08094","5810"
"maryjane@arata.com","Maryjane","Arata","Larson, John R Esq","Sparks","Washoe","NV","89431","5044"
"marcie@shulz.com","Marcie","Shulz","United Printers Inc","San Antonio","Bexar","TX","78216","4807"
"celia@slavin.com","Celia","Slavin","Acra Aerospace Inc","Chicago","Cook","IL","60631","3493"
"suzette@devaughan.com","Suzette","Devaughan","Anchor Graphics Inc","Hackensack","Bergen","NJ","07601","6410"
"christian@marnell.com","Christian","Marnell","Wenick, George D Esq","Dayton","Montgomery","OH","45439","3071"
"misty@ericksen.com","Misty","Ericksen","Graham & Associates Inc","Cheney","Spokane","WA","99004","1779"
"bert@schadle.com","Bert","Schadle","Guaranty Chevrolet Geo","Fort Worth","Tarrant","TX","76115","9753"
"bertram@quertermous.com","Bertram","Quertermous","Florida Mining & Materials","Wilmington","New Castle","DE","19801","4349"
"buster@wubbel.com","Buster","Wubbel","Collins, Joseph B Esq","Fairless Hills","Bucks","PA","19030","6911"
"mildred@gallegas.com","Mildred","Gallegas","Rogers, William A Jr","Claymont","New Castle","DE","19703","8618"
"pat@hoshaw.com","Pat","Hoshaw","Jorgensen, James L Esq","Malvern","Chester","PA","19355","6030"
"marshall@hutch.com","Marshall","Hutch","Nako, Joy Y","Eighty Four","Washington","PA","15330","6225"
"don@mestler.com","Don","Mestler","Coldwell Bnkr Hearthside Rltrs","Pennington","Mercer","NJ","08534","6967"
"emery@reek.com","Emery","Reek","Metri Tech Engineering Inc","Jekyll Island","Glynn","GA","31527","2476"
"ray@srock.com","Ray","Srock","Tilt Lock Inc","Scottsdale","Maricopa","AZ","85255","2387"
"nickolas@khosravi.com","Nickolas","Khosravi","Brennan, Mary V Esq","Newport Beach","Orange","CA","92663","3074"
"aileen@mottern.com","Aileen","Mottern","Bennett Hallmark Cards","Fort Lee","Bergen","NJ","07024","6519"
"chad@araiza.com","Chad","Araiza","Christiansen, David L Cpa","Schofield","Marathon","WI","54476","4865"
"beverly@cambel.com","Beverly","Cambel","Mcintyre Mcintyre & Mcintyre","Anchorage","Anchorage","AK","99501","2393"
"janice@twiet.com","Janice","Twiet","Henley, Cal Pa","Rialto","San Bernardino","CA","92376","7340"
"byron@fortuna.com","Byron","Fortuna","Jackson & Collins Pa","Missoula","Missoula","MT","59803","8913"
"lynette@setlock.com","Lynette","Setlock","George S Olive & Co","Cleveland","Cuyahoga","OH","44113","8002"
"willard@roughen.com","Willard","Roughen","Nakamura Oyama & Assocs Inc","Arlington","Tarrant","TX","76012","861"
"elisa@gracely.com","Elisa","Gracely","Alexander, Christine T Esq","Brooklyn","Kings","NY","11229","5321"
"jeri@farstvedt.com","Jeri","Farstvedt","Regan, Denis J Esq","Encino","Los Angeles","CA","91436","9529"
"stacey@blow.com","Stacey","Blow","Schechter, Jeffrey S Esq","Rialto","San Bernardino","CA","92376","6685"
"bryan@rovell.com","Bryan","Rovell","All N All Shop","East Rutherford","Bergen","NJ","07073","2687"
"joey@bolick.com","Joey","Bolick","Utility Trailer Sales","Oklahoma City","Oklahoma","OK","73132","8465"